{
  "interactionModel": {
    "languageModel": {
      "invocationName": "la tabla de ejercicios",
      "intents": [
        {
          "name": "AMAZON.CancelIntent",
          "samples": []
        },
        {
          "name": "AMAZON.HelpIntent",
          "samples": []
        },
        {
          "name": "AMAZON.StopIntent",
          "samples": []
        },
        {
          "name": "AMAZON.NavigateHomeIntent",
          "samples": []
        },
        {
          "name": "AMAZON.PauseIntent",
          "samples": []
        },
        {
          "name": "AMAZON.ResumeIntent",
          "samples": []
        },
        {
          "name": "entrenamientoIntent",
          "slots": [],
          "samples": [
            "y comienza un entrenamiento",
            "comienza un entrenamiento",
            "empieza un entrenamiento",
            "y empieza un entrenamiento",
            "quiero hacer un entrenamiento",
            "y prepárame un entrenamiento",
            "prepárame un entrenamiento",
            "hazme un entrenamiento ",
            "y hazme un entrenamiento",
            "entrenamiento en casa",
            "quiero empezar un entrenamiento en casa",
            "quiero hacer un entrenamiento en casa",
            "quiero comenzar un entrenamiento en casa",
            "quiero comenzar un entrenamiento"
          ]
        }
      ],
      "types": []
    }
  }
}